Topic,Title,Slug,Date,Description,Author,Tags,HeaderImage,Completed
Church Management Software,5 Church Management Systems That Actually Save Time,5-church-management-systems-that-actually-save-time,2026-03-01,Comparing the top church management platforms and how they streamline ministry operations.,Christian Whitmer,"['ChMS', 'Church Tech', 'Software']",,2026-02-25
Live Streaming,How to Start Live Streaming Your Church Services on a Budget,how-to-start-live-streaming-your-church-services-on-a-budget,2026-03-08,A practical guide to launching church live streaming without breaking the bank.,Christian Whitmer,"['Live Streaming', 'Video', 'Online Ministry']",,2026-02-25
Social Media Ministry,Building Community Beyond Sunday: A Social Media Strategy for Churches,building-community-beyond-sunday-a-social-media-strategy-for-churches,2026-03-15,Strategies for using social media to foster deeper connections with your congregation.,Christian Whitmer,"['Social Media', 'Community', 'Digital Ministry']",,2026-02-25
Cybersecurity,Protecting Your Church: Essential Cybersecurity Practices for Ministries,protecting-your-church-essential-cybersecurity-practices-for-ministries,2026-03-22,Safeguarding your church's data and systems from digital threats.,Christian Whitmer,"['Security', 'Privacy', 'IT']",,2026-02-25
Mobile Apps,Should Your Church Build a Custom App? A Practical Guide,should-your-church-build-a-custom-app-a-practical-guide,2026-03-29,Weighing the costs and benefits of developing a custom mobile app for your ministry.,Christian Whitmer,"['Mobile', 'Apps', 'Technology']",,2026-02-25
Online Giving,Digital Tithing: Making Online Giving Simple and Secure,digital-tithing-making-online-giving-simple-and-secure,2026-04-05,Best practices for implementing digital giving solutions that people actually use.,Christian Whitmer,"['Giving', 'Finance', 'Digital Tools']",,2026-02-25
Volunteer Management,Tech Tools That Simplify Volunteer Coordination,tech-tools-that-simplify-volunteer-coordination,2026-04-12,Software solutions that make scheduling and managing volunteers easier.,Christian Whitmer,"['Volunteers', 'Management', 'Software']",,
Website Design,Church Website Mistakes That Drive Visitors Away,church-website-mistakes-that-drive-visitors-away,2026-04-19,Common web design pitfalls that hurt engagement and how to fix them.,Christian Whitmer,"['Web Design', 'Website', 'Digital Presence']",,
Email Marketing,Email Ministry: Staying Connected with Your Congregation,email-ministry-staying-connected-with-your-congregation,2026-04-26,Building an effective email strategy for consistent church communication.,Christian Whitmer,"['Email', 'Communication', 'Marketing']",,
Audio/Visual Setup,AV Basics: Essential Equipment for Modern Worship Services,av-basics-essential-equipment-for-modern-worship-services,2026-05-03,Understanding the fundamental audio and visual equipment every church needs.,Christian Whitmer,"['AV', 'Worship Tech', 'Equipment']",,
Database Management,"Managing Member Data: Privacy, Security, and Best Practices",managing-member-data-privacy-security-and-best-practices,2026-05-10,Ethical and secure approaches to handling sensitive congregation information.,Christian Whitmer,"['Data', 'Privacy', 'Management']",,
Virtual Small Groups,Leading Effective Online Small Groups: Tools and Techniques,leading-effective-online-small-groups-tools-and-techniques,2026-05-17,Platforms and practices for meaningful virtual small group experiences.,Christian Whitmer,"['Small Groups', 'Online Ministry', 'Community']",,
Digital Discipleship,Can Technology Deepen Faith? The Case for Digital Discipleship,can-technology-deepen-faith-the-case-for-digital-discipleship,2026-05-24,Exploring how digital tools can enhance spiritual growth and formation.,Christian Whitmer,"['Discipleship', 'Digital Ministry', 'Faith Formation']",,
Cloud Storage,Moving Your Church to the Cloud: What You Need to Know,moving-your-church-to-the-cloud-what-you-need-to-know,2026-05-31,"Understanding cloud storage benefits, risks, and migration strategies.",Christian Whitmer,"['Cloud', 'Storage', 'Infrastructure']",,
Accessibility Technology,Making Your Services Accessible: Tech Solutions for Inclusion,making-your-services-accessible-tech-solutions-for-inclusion,2026-06-07,Technology that helps remove barriers for people with disabilities.,Christian Whitmer,"['Accessibility', 'Inclusion', 'Technology']",,
Youth Ministry Tech,Engaging Gen Z: Technology Tools for Youth Ministry,engaging-gen-z-technology-tools-for-youth-ministry,2026-06-14,Digital platforms and approaches that resonate with younger generations.,Christian Whitmer,"['Youth Ministry', 'Gen Z', 'Engagement']",,
Broadcast Systems,Multi-Site Ministry: Technology Infrastructure for Multiple Campuses,multi-site-ministry-technology-infrastructure-for-multiple-campuses,2026-06-21,Building the technical foundation for effective multi-location ministry.,Christian Whitmer,"['Multi-Site', 'Broadcast', 'Infrastructure']",,
AI in Ministry,AI and the Church: Opportunities and Ethical Considerations,ai-and-the-church-opportunities-and-ethical-considerations,2026-06-28,Navigating artificial intelligence applications in ministry contexts.,Christian Whitmer,"['AI', 'Innovation', 'Ethics']",,
Digital Signage,Modernizing Church Communications with Digital Displays,modernizing-church-communications-with-digital-displays,2026-07-05,Using digital signage to improve information flow and engagement.,Christian Whitmer,"['Signage', 'Communication', 'Digital Displays']",,
Podcast Ministry,"Starting a Church Podcast: Equipment, Platforms, and Content Ideas",starting-a-church-podcast-equipment-platforms-and-content-ideas,2026-07-12,Everything you need to launch a ministry podcast from scratch.,Christian Whitmer,"['Podcast', 'Audio', 'Content Creation']",,
Worship Software,Choosing the Right Worship Presentation Software,choosing-the-right-worship-presentation-software,2026-07-19,"Comparing ProPresenter, EasyWorship, and other worship display options.",Christian Whitmer,"['Worship', 'Presentation', 'Software']",,
Network Infrastructure,Building Reliable WiFi for Your Church Campus,building-reliable-wifi-for-your-church-campus,2026-07-26,Network infrastructure planning for consistent connectivity across your facility.,Christian Whitmer,"['Networking', 'WiFi', 'Infrastructure']",,
Video Production,Creating Professional-Looking Sermon Videos with Basic Equipment,creating-professional-looking-sermon-videos-with-basic-equipment,2026-08-02,Video production tips that don't require expensive gear or expertise.,Christian Whitmer,"['Video', 'Production', 'Content']",,
Integration Tools,Connecting Your Church Tech Stack: Integration Strategies,connecting-your-church-tech-stack-integration-strategies,2026-08-09,Making your various church software systems work together seamlessly.,Christian Whitmer,"['Integration', 'Automation', 'Software']",,
Tech Training,Equipping Your Team: Training Volunteers on Church Technology,equipping-your-team-training-volunteers-on-church-technology,2026-08-16,Effective approaches to tech training for non-technical volunteers.,Christian Whitmer,"['Training', 'Volunteers', 'Education']",,
Hybrid Ministry,The Hybrid Church: Serving Both In-Person and Online Congregations,the-hybrid-church-serving-both-in-person-and-online-congregations,2026-08-23,Strategies for creating unified experiences across physical and digital spaces.,Christian Whitmer,"['Hybrid Church', 'Online Ministry', 'Strategy']",,
Data Analytics,Using Data to Understand and Serve Your Congregation Better,using-data-to-understand-and-serve-your-congregation-better,2026-08-30,Leveraging analytics to inform ministry decisions and improve engagement.,Christian Whitmer,"['Analytics', 'Data', 'Insights']",,
Copyright Compliance,"Navigating CCLI, Streaming Licenses, and Copyright for Churches",navigating-ccli-streaming-licenses-and-copyright-for-churches,2026-09-06,Understanding legal requirements for music and media in church services.,Christian Whitmer,"['Copyright', 'Legal', 'Licensing']",,
Remote Work Tools,Collaboration Tools for Church Staff Working Remotely,collaboration-tools-for-church-staff-working-remotely,2026-09-13,Software that keeps distributed teams connected and productive.,Christian Whitmer,"['Remote Work', 'Collaboration', 'Tools']",,
Legacy System Migration,When to Upgrade: Moving from Legacy Church Systems to Modern Solutions,when-to-upgrade-moving-from-legacy-church-systems-to-modern-solutions,2026-09-20,Recognizing the right time to migrate and how to do it successfully.,Christian Whitmer,"['Migration', 'Modernization', 'Systems']",,
